placement_id,url,company_name,account_id,channel_type,clicks,invalid_clicks,safety_decision,safety_confidence,risk_categories,matched_signals,safety_rationale
1,https://www.who.int/news/item/17-10-2025-world-no-tobacco-day-2026--unmasking-the-appeal---countering-nicotine-and-tobacco-addiction,Plush Cosmetics,1004,Display,1539,2,unsafe,medium,tobacco_or_nicotine,url:tobacco->tobacco_or_nicotine,Unsafe for Plush Cosmetics: detected tobacco_or_nicotine from raw URL evidence. Signals: url:tobacco->tobacco_or_nicotine.
2,https://www.gov.uk/government/news/quit-for-a-week-and-save-a-day-say-health-experts,Moonbucks Coffee,1003,Shopping,4385,322,review,medium,politics,url:government->politics,Review for Moonbucks Coffee: detected politics from raw URL evidence. Signals: url:government->politics.
3,https://www.ucl.ac.uk/news/headlines/2025/dec/want-quit-smoking-2026-heres-all-help-you-need,Jen & Berry's Ice Cream,1002,Paid Social,9447,425,unsafe,medium,tobacco_or_nicotine,url:smoking->tobacco_or_nicotine,Unsafe for Jen & Berry's Ice Cream: detected tobacco_or_nicotine from raw URL evidence. Signals: url:smoking->tobacco_or_nicotine.
4,https://tobaccocontrol.bmj.com/content/tobaccocontrol/early/2025/07/23/tc-2025-059469.full.pdf,Jet3 Holidays,1001,Paid Social,2409,135,review,medium,tobacco_or_nicotine,url:tobacco->tobacco_or_nicotine,Review for Jet3 Holidays: detected tobacco_or_nicotine from raw URL evidence. Signals: url:tobacco->tobacco_or_nicotine.
5,https://www.bmj.com/content/392/bmj.r2625,Moonbucks Coffee,1003,Paid Social,8661,495,review,low,unknown_content,raw-url-only:no usable title/topic signal,Review for Moonbucks Coffee: detected unknown_content from raw URL evidence. Signals: raw-url-only:no usable title/topic signal.
6,https://www.gov.uk/government/news/10-year-study-to-shed-light-on-youth-vaping,Moonbucks Coffee,1003,Display,5901,331,review,medium,politics;tobacco_or_nicotine,url:vaping->tobacco_or_nicotine;url:government->politics,"Review for Moonbucks Coffee: detected politics, tobacco_or_nicotine from raw URL evidence. Signals: url:vaping->tobacco_or_nicotine; url:government->politics."
7,https://ash.org.uk/resources/view/use-of-e-cigarettes-among-young-people-in-great-britain,Plush Cosmetics,1004,Paid Social,2682,200,review,low,unknown_content,raw-url-only:no usable title/topic signal,Review for Plush Cosmetics: detected unknown_content from raw URL evidence. Signals: raw-url-only:no usable title/topic signal.
8,https://truthinitiative.org/press/press-release/truth-initiative-report-finds-rapidly-evolving-nicotine-market-outpacing,Moonbucks Coffee,1003,Shopping,1479,122,review,medium,click_quality;tobacco_or_nicotine,url:nicotine->tobacco_or_nicotine;invalid_click_rate:8.2%->click_quality,"Review for Moonbucks Coffee: detected click_quality, tobacco_or_nicotine from raw URL evidence. Signals: url:nicotine->tobacco_or_nicotine; invalid_click_rate:8.2%->click_quality."
9,https://www.eppingforestdc.gov.uk/epping-forest-youth-council-publishes-report-on-youth-vaping/,Moonbucks Coffee,1003,Paid Social,2374,75,review,medium,tobacco_or_nicotine,url:vaping->tobacco_or_nicotine,Review for Moonbucks Coffee: detected tobacco_or_nicotine from raw URL evidence. Signals: url:vaping->tobacco_or_nicotine.
10,https://www.who.int/publications/i/item/9789240094642,Jen & Berry's Ice Cream,1002,Display,6737,599,review,medium,click_quality,invalid_click_rate:8.9%->click_quality,Review for Jen & Berry's Ice Cream: detected click_quality from raw URL evidence. Signals: invalid_click_rate:8.9%->click_quality.
11,https://www.tobaccotactics.org/article/tobacco-industry-targeting-young-people/,Moonbucks Coffee,1003,Display,4320,143,review,medium,tobacco_or_nicotine,url:tobacco->tobacco_or_nicotine,Review for Moonbucks Coffee: detected tobacco_or_nicotine from raw URL evidence. Signals: url:tobacco->tobacco_or_nicotine.
12,https://worldmetrics.org/marketing-in-the-tobacco-industry-statistics/,Jen & Berry's Ice Cream,1002,Shopping,1109,109,unsafe,medium,click_quality;tobacco_or_nicotine,url:tobacco->tobacco_or_nicotine;invalid_click_rate:9.8%->click_quality,"Unsafe for Jen & Berry's Ice Cream: detected click_quality, tobacco_or_nicotine from raw URL evidence. Signals: url:tobacco->tobacco_or_nicotine; invalid_click_rate:9.8%->click_quality."
13,https://yactmovement.org/wp-content/uploads/2025/09/Tobacco-industry-Youth-Desk-Research-RK-002.pdf,Plush Cosmetics,1004,PMax,1595,29,unsafe,medium,tobacco_or_nicotine,url:tobacco->tobacco_or_nicotine,Unsafe for Plush Cosmetics: detected tobacco_or_nicotine from raw URL evidence. Signals: url:tobacco->tobacco_or_nicotine.
14,https://www.who.int/news/item/17-10-2025-world-no-tobacco-day-2026--unmasking-the-appeal---countering-nicotine-and-tobacco-addiction,Jen & Berry's Ice Cream,1002,PMax,9064,300,unsafe,medium,tobacco_or_nicotine,url:tobacco->tobacco_or_nicotine,Unsafe for Jen & Berry's Ice Cream: detected tobacco_or_nicotine from raw URL evidence. Signals: url:tobacco->tobacco_or_nicotine.
15,https://www.gov.uk/government/news/quit-for-a-week-and-save-a-day-say-health-experts,Moonbucks Coffee,1003,Shopping,1931,52,review,medium,politics,url:government->politics,Review for Moonbucks Coffee: detected politics from raw URL evidence. Signals: url:government->politics.
16,https://gnet-research.org/2025/01/28/ai-tools-and-the-alt-right-a-double-edged-sword-for-p-cve/,Moonbucks Coffee,1003,Shopping,2374,229,unsafe,medium,click_quality;hate_or_alt_right,url:alt right->hate_or_alt_right;invalid_click_rate:9.6%->click_quality,"Unsafe for Moonbucks Coffee: detected click_quality, hate_or_alt_right from raw URL evidence. Signals: url:alt right->hate_or_alt_right; invalid_click_rate:9.6%->click_quality."
17,https://gnet-research.org/,Jet3 Holidays,1001,Paid Social,9066,182,review,low,unknown_content,raw-url-only:no usable title/topic signal,Review for Jet3 Holidays: detected unknown_content from raw URL evidence. Signals: raw-url-only:no usable title/topic signal.
18,https://disa.org/extremist-disinformation-networks-and-narratives-during-crises-a-gnet-analysis/,Moonbucks Coffee,1003,Display,7787,343,unsafe,medium,extremism;propaganda_or_disinformation,url:extremist->extremism;url:disinformation->propaganda_or_disinformation,"Unsafe for Moonbucks Coffee: detected extremism, propaganda_or_disinformation from raw URL evidence. Signals: url:extremist->extremism; url:disinformation->propaganda_or_disinformation."
19,https://www.rsis.edu.sg/ctta-newsarticle/global-far-right-extremist-exploitation-of-artificial-intelligence-and-alt-tech-the-cases-of-the-uk-us-australia-and-new-zealand/,Jen & Berry's Ice Cream,1002,PMax,2709,224,unsafe,medium,click_quality;extremism,url:extremist->extremism;invalid_click_rate:8.3%->click_quality,"Unsafe for Jen & Berry's Ice Cream: detected click_quality, extremism from raw URL evidence. Signals: url:extremist->extremism; invalid_click_rate:8.3%->click_quality."
20,https://www.frontiersin.org/journals/political-science/articles/10.3389/fpos.2025.1718396/full,Plush Cosmetics,1004,Display,1022,91,review,medium,click_quality,invalid_click_rate:8.9%->click_quality,Review for Plush Cosmetics: detected click_quality from raw URL evidence. Signals: invalid_click_rate:8.9%->click_quality.
21,https://academic.oup.com/pnasnexus/article/4/4/pgaf083/8097936,Plush Cosmetics,1004,Paid Social,8715,127,review,low,unknown_content,raw-url-only:no usable title/topic signal,Review for Plush Cosmetics: detected unknown_content from raw URL evidence. Signals: raw-url-only:no usable title/topic signal.
22,https://www.rand.org/pubs/research_briefs/RBA3450-2.html,Moonbucks Coffee,1003,Display,2936,66,review,low,unknown_content,raw-url-only:no usable title/topic signal,Review for Moonbucks Coffee: detected unknown_content from raw URL evidence. Signals: raw-url-only:no usable title/topic signal.
23,https://www.jstor.org/stable/48778662,Jet3 Holidays,1001,Paid Social,3461,308,review,medium,click_quality,invalid_click_rate:8.9%->click_quality,Review for Jet3 Holidays: detected click_quality from raw URL evidence. Signals: invalid_click_rate:8.9%->click_quality.
24,https://www.rusi.org/explore-our-research/publications/reports-papers-and-briefings,Plush Cosmetics,1004,Shopping,2658,10,review,low,unknown_content,raw-url-only:no usable title/topic signal,Review for Plush Cosmetics: detected unknown_content from raw URL evidence. Signals: raw-url-only:no usable title/topic signal.
25,https://disa.org/extremist-disinformation-networks-and-narratives-during-crises-a-gnet-analysis/,Jet3 Holidays,1001,PMax,6918,217,unsafe,medium,extremism;propaganda_or_disinformation,url:extremist->extremism;url:disinformation->propaganda_or_disinformation,"Unsafe for Jet3 Holidays: detected extremism, propaganda_or_disinformation from raw URL evidence. Signals: url:extremist->extremism; url:disinformation->propaganda_or_disinformation."
26,https://www.gov.uk/government/publications/asylum-and-returns-policy-statement/restoring-order-and-control-a-statement-on-the-governments-asylum-and-returns-policy,Moonbucks Coffee,1003,Paid Social,1335,75,review,medium,immigration;politics,url:policy->politics;url:asylum->immigration,"Review for Moonbucks Coffee: detected immigration, politics from raw URL evidence. Signals: url:policy->politics; url:asylum->immigration."
27,https://committees.parliament.uk/work/9508/an-analysis-of-the-asylum-system/,Jen & Berry's Ice Cream,1002,Search,2661,81,review,medium,immigration,url:asylum->immigration,Review for Jen & Berry's Ice Cream: detected immigration from raw URL evidence. Signals: url:asylum->immigration.
28,https://www.nao.org.uk/wp-content/uploads/2025/12/an-analysis-of-the-asylum-system-summary.pdf,Moonbucks Coffee,1003,PMax,4511,136,review,medium,immigration,url:asylum->immigration,Review for Moonbucks Coffee: detected immigration from raw URL evidence. Signals: url:asylum->immigration.
29,https://www.theguardian.com/world/2026/mar/02/shabana-mahmood-refugee-status-change-may-undermine-legal-obligations-law-society,Jet3 Holidays,1001,Shopping,9363,526,review,medium,immigration,url:refugee->immigration,Review for Jet3 Holidays: detected immigration from raw URL evidence. Signals: url:refugee->immigration.
30,https://www.theguardian.com/uk-news/2026/mar/03/skilled-workers-settled-status-in-uk-snatched-away,Jen & Berry's Ice Cream,1002,Display,9101,481,review,low,unknown_content,raw-url-only:no usable title/topic signal,Review for Jen & Berry's Ice Cream: detected unknown_content from raw URL evidence. Signals: raw-url-only:no usable title/topic signal.
31,https://www.hilldickinson.com/our-view/articles/immigration-spotlight-2026/,Jet3 Holidays,1001,Shopping,3812,172,review,medium,immigration,url:immigration->immigration,Review for Jet3 Holidays: detected immigration from raw URL evidence. Signals: url:immigration->immigration.
32,https://assets.publishing.service.gov.uk/media/691ae05b493305b49ce6e845/Restoring_Order_and_Control_-_A_statement_on_the_Government_s_asylum_and_returns_policy_final.pdf,Jet3 Holidays,1001,Paid Social,9334,475,review,medium,immigration;politics,url:policy->politics;url:asylum->immigration,"Review for Jet3 Holidays: detected immigration, politics from raw URL evidence. Signals: url:policy->politics; url:asylum->immigration."
33,https://axis.lawyer/ilr-uk-news-key-immigration-changes-for-2026/,Jet3 Holidays,1001,Paid Social,8647,362,review,medium,immigration,url:immigration->immigration,Review for Jet3 Holidays: detected immigration from raw URL evidence. Signals: url:immigration->immigration.
34,https://www.thetimes.com/uk/politics/article/kemi-badenoch-integration-equality-law-2l3thbkr6,Plush Cosmetics,1004,Search,2026,138,review,medium,politics,url:politics->politics,Review for Plush Cosmetics: detected politics from raw URL evidence. Signals: url:politics->politics.
35,https://www.theguardian.com/uk-news/2026/mar/03/skilled-workers-settled-status-in-uk-snatched-away,Plush Cosmetics,1004,Display,6164,5,review,low,unknown_content,raw-url-only:no usable title/topic signal,Review for Plush Cosmetics: detected unknown_content from raw URL evidence. Signals: raw-url-only:no usable title/topic signal.
36,https://www.brookings.edu/articles/what-will-2026-bring-for-us-migration-policy/,Jen & Berry's Ice Cream,1002,Search,5085,436,review,medium,click_quality;politics,url:policy->politics;invalid_click_rate:8.6%->click_quality,"Review for Jen & Berry's Ice Cream: detected click_quality, politics from raw URL evidence. Signals: url:policy->politics; invalid_click_rate:8.6%->click_quality."
37,https://www.pewresearch.org/politics/2026/01/29/how-americans-view-key-trump-administration-immigration-policies/,Plush Cosmetics,1004,PMax,6321,424,review,medium,immigration;politics,url:politics->politics;url:immigration->immigration,"Review for Plush Cosmetics: detected immigration, politics from raw URL evidence. Signals: url:politics->politics; url:immigration->immigration."
38,https://www.chron.com/news/article/austin-shooting-chip-roy-21951254.php,Jen & Berry's Ice Cream,1002,Search,9805,16,review,low,unknown_content,raw-url-only:no usable title/topic signal,Review for Jen & Berry's Ice Cream: detected unknown_content from raw URL evidence. Signals: raw-url-only:no usable title/topic signal.
39,https://cis.org/,Jet3 Holidays,1001,Shopping,2437,196,review,medium,click_quality,invalid_click_rate:8.0%->click_quality,Review for Jet3 Holidays: detected click_quality from raw URL evidence. Signals: invalid_click_rate:8.0%->click_quality.
40,https://www.brookings.edu/articles/what-will-2026-bring-for-us-migration-policy/,Jet3 Holidays,1001,PMax,5985,447,review,medium,politics,url:policy->politics,Review for Jet3 Holidays: detected politics from raw URL evidence. Signals: url:policy->politics.
41,https://www.ntsb.gov/investigations/AccidentReports/Pages/Reports.aspx,Jen & Berry's Ice Cream,1002,Search,4821,172,review,medium,aviation_incident,url:investigation->aviation_incident,Review for Jen & Berry's Ice Cream: detected aviation_incident from raw URL evidence. Signals: url:investigation->aviation_incident.
42,https://www.ntsb.gov/Pages/AviationQueryv2.aspx,Plush Cosmetics,1004,PMax,6323,261,review,low,unknown_content,raw-url-only:no usable title/topic signal,Review for Plush Cosmetics: detected unknown_content from raw URL evidence. Signals: raw-url-only:no usable title/topic signal.
43,https://www.gov.uk/aaib-reports,Jet3 Holidays,1001,Paid Social,3340,302,review,medium,click_quality,invalid_click_rate:9.0%->click_quality,Review for Jet3 Holidays: detected click_quality from raw URL evidence. Signals: invalid_click_rate:9.0%->click_quality.
44,https://www.gov.uk/government/publications/aaib-current-field-investigations/air-accidents-investigation-branch-current-field-investigations,Moonbucks Coffee,1003,Paid Social,4459,285,review,medium,aviation_incident;politics,url:investigation->aviation_incident;url:government->politics,"Review for Moonbucks Coffee: detected aviation_incident, politics from raw URL evidence. Signals: url:investigation->aviation_incident; url:government->politics."
45,https://aaib.gov.in/,Moonbucks Coffee,1003,Display,4613,213,review,low,unknown_content,raw-url-only:no usable title/topic signal,Review for Moonbucks Coffee: detected unknown_content from raw URL evidence. Signals: raw-url-only:no usable title/topic signal.
46,https://aviation-safety.net/,Plush Cosmetics,1004,Display,7994,360,review,low,unknown_content,raw-url-only:no usable title/topic signal,Review for Plush Cosmetics: detected unknown_content from raw URL evidence. Signals: raw-url-only:no usable title/topic signal.
47,https://aviation-safety.net/investigation/,Jen & Berry's Ice Cream,1002,Paid Social,4518,405,review,medium,aviation_incident;click_quality,url:investigation->aviation_incident;invalid_click_rate:9.0%->click_quality,"Review for Jen & Berry's Ice Cream: detected aviation_incident, click_quality from raw URL evidence. Signals: url:investigation->aviation_incident; invalid_click_rate:9.0%->click_quality."
48,https://www.gov.uk/government/organisations/air-accidents-investigation-branch,Moonbucks Coffee,1003,Search,1218,89,review,medium,aviation_incident;politics,url:investigation->aviation_incident;url:government->politics,"Review for Moonbucks Coffee: detected aviation_incident, politics from raw URL evidence. Signals: url:investigation->aviation_incident; url:government->politics."
49,https://assets.publishing.service.gov.uk/media/695e2ec58ab0677c14afdfac/AAIB_Bulletin_1-2026.pdf,Jet3 Holidays,1001,PMax,5909,1,review,low,unknown_content,raw-url-only:no usable title/topic signal,Review for Jet3 Holidays: detected unknown_content from raw URL evidence. Signals: raw-url-only:no usable title/topic signal.
50,https://www.ntsb.gov/investigations/Pages/DCA25MA108.aspx,Jet3 Holidays,1001,Paid Social,8196,2,unsafe,medium,aviation_incident,url:investigation->aviation_incident,Unsafe for Jet3 Holidays: detected aviation_incident from raw URL evidence. Signals: url:investigation->aviation_incident.
51,https://www.thesun.ie/travel/16589097/ryanair-flight-cork-avoids-crash-plane-spain/,Moonbucks Coffee,1003,PMax,8082,344,review,medium,aviation_incident,url:crash->aviation_incident,Review for Moonbucks Coffee: detected aviation_incident from raw URL evidence. Signals: url:crash->aviation_incident.
52,https://www.newindianexpress.com/nation/2026/Feb/27/aaib-misses-one-month-deadline-for-releasing-baramati-air-crash-preliminary-report,Jet3 Holidays,1001,Paid Social,1458,3,unsafe,medium,aviation_incident,url:air crash->aviation_incident,Unsafe for Jet3 Holidays: detected aviation_incident from raw URL evidence. Signals: url:air crash->aviation_incident.
53,https://timesofindia.indiatimes.com/india/preliminary-report-into-baramati-crash-out-low-visibility-operational-gaps-cited/articleshow/128886790.cms,Jen & Berry's Ice Cream,1002,Shopping,4549,145,review,medium,aviation_incident,url:crash->aviation_incident,Review for Jen & Berry's Ice Cream: detected aviation_incident from raw URL evidence. Signals: url:crash->aviation_incident.
54,https://apnews.com/article/fa0fc75d46823eb2dd39f815de2d021f,Plush Cosmetics,1004,Shopping,7409,142,review,low,unknown_content,raw-url-only:no usable title/topic signal,Review for Plush Cosmetics: detected unknown_content from raw URL evidence. Signals: raw-url-only:no usable title/topic signal.
55,https://www.gov.uk/aaib-reports,Plush Cosmetics,1004,Display,5996,392,review,low,unknown_content,raw-url-only:no usable title/topic signal,Review for Plush Cosmetics: detected unknown_content from raw URL evidence. Signals: raw-url-only:no usable title/topic signal.
56,https://www.topendsports.com/events/calendar-2026.htm,Moonbucks Coffee,1003,Shopping,5741,392,review,low,unknown_content,raw-url-only:no usable title/topic signal,Review for Moonbucks Coffee: detected unknown_content from raw URL evidence. Signals: raw-url-only:no usable title/topic signal.
57,https://content.sport-social.co.uk/blog/2026-sporting-calendar-major-sports-events,Plush Cosmetics,1004,Search,5955,363,review,low,unknown_content,raw-url-only:no usable title/topic signal,Review for Plush Cosmetics: detected unknown_content from raw URL evidence. Signals: raw-url-only:no usable title/topic signal.
58,https://www.sportscoverdirect.com/scd-blog/sports-events-calendar-2026/,Jet3 Holidays,1001,Shopping,5558,175,review,low,unknown_content,raw-url-only:no usable title/topic signal,Review for Jet3 Holidays: detected unknown_content from raw URL evidence. Signals: raw-url-only:no usable title/topic signal.
59,https://www.visitbritain.org/news-and-media/destination-news-and-inspiration/looking-ahead-britains-sporting-highlights-2026,Plush Cosmetics,1004,Search,9446,180,review,low,unknown_content,raw-url-only:no usable title/topic signal,Review for Plush Cosmetics: detected unknown_content from raw URL evidence. Signals: raw-url-only:no usable title/topic signal.
60,https://www.espn.com/pll/story/_/id/48033101/2026-pll-wll-championship-series-lacrosse-sixes-top-players-teams-schedule,Jet3 Holidays,1001,PMax,8627,4,review,low,unknown_content,raw-url-only:no usable title/topic signal,Review for Jet3 Holidays: detected unknown_content from raw URL evidence. Signals: raw-url-only:no usable title/topic signal.
61,https://www.gaslampball.com/san-diego-padres-news/54107/world-baseball-classic-is-here,Moonbucks Coffee,1003,Search,6609,470,review,low,unknown_content,raw-url-only:no usable title/topic signal,Review for Moonbucks Coffee: detected unknown_content from raw URL evidence. Signals: raw-url-only:no usable title/topic signal.
62,https://timesofindia.indiatimes.com/sports/mlb/news/team-usa-sets-its-best-starting-pitchers-with-cy-young-winners-leading-the-way-for-world-baseball-classic-opener/articleshow/128957698.cms,Jen & Berry's Ice Cream,1002,PMax,7432,515,review,low,unknown_content,raw-url-only:no usable title/topic signal,Review for Jen & Berry's Ice Cream: detected unknown_content from raw URL evidence. Signals: raw-url-only:no usable title/topic signal.
63,https://www.barcablaugranes.com/barcelona-copa-del-rey/114048/barcelona-atletico-madrid-copa-del-rey-team-news-preview-lineups-score-prediction,Jen & Berry's Ice Cream,1002,Display,1734,79,review,low,unknown_content,raw-url-only:no usable title/topic signal,Review for Jen & Berry's Ice Cream: detected unknown_content from raw URL evidence. Signals: raw-url-only:no usable title/topic signal.
64,https://timesofindia.indiatimes.com/sports/international-sports/iga-swiatek-returns-to-indian-wells-2026-with-a-chance-to-make-history-as-the-first-woman-to-win-the-title-three-times/articleshow/128971466.cms,Plush Cosmetics,1004,Search,8540,459,review,low,unknown_content,raw-url-only:no usable title/topic signal,Review for Plush Cosmetics: detected unknown_content from raw URL evidence. Signals: raw-url-only:no usable title/topic signal.
65,https://talksport.com/darts/4019764/luke-littler-nominated-award-lando-norris-rory-mcilroy/,Jet3 Holidays,1001,Shopping,6159,81,unsafe,medium,war_or_conflict,url:war->war_or_conflict,Unsafe for Jet3 Holidays: detected war_or_conflict from raw URL evidence. Signals: url:war->war_or_conflict.
66,https://www.mlb.com/world-baseball-classic,Jen & Berry's Ice Cream,1002,Search,7749,639,review,medium,click_quality,invalid_click_rate:8.2%->click_quality,Review for Jen & Berry's Ice Cream: detected click_quality from raw URL evidence. Signals: invalid_click_rate:8.2%->click_quality.
67,https://www.espn.com/world-baseball-classic/schedule,Moonbucks Coffee,1003,Search,2406,58,review,low,unknown_content,raw-url-only:no usable title/topic signal,Review for Moonbucks Coffee: detected unknown_content from raw URL evidence. Signals: raw-url-only:no usable title/topic signal.
68,https://www.wbsc.org/en/news/world-baseball-classic-2026-groups-and-schedule-announced,Jet3 Holidays,1001,Search,1669,134,review,medium,click_quality,invalid_click_rate:8.0%->click_quality,Review for Jet3 Holidays: detected click_quality from raw URL evidence. Signals: invalid_click_rate:8.0%->click_quality.
69,https://sports.yahoo.com/mlb/article/world-baseball-classic-2026-schedule-bracket-format-rosters-and-how-to-watch-the-international-baseball-tournament-202329851.html,Jet3 Holidays,1001,Paid Social,1089,13,review,low,unknown_content,raw-url-only:no usable title/topic signal,Review for Jet3 Holidays: detected unknown_content from raw URL evidence. Signals: raw-url-only:no usable title/topic signal.
70,https://www.gaslampball.com/san-diego-padres-news/54107/world-baseball-classic-is-here,Jen & Berry's Ice Cream,1002,Display,1609,140,review,medium,click_quality,invalid_click_rate:8.7%->click_quality,Review for Jen & Berry's Ice Cream: detected click_quality from raw URL evidence. Signals: invalid_click_rate:8.7%->click_quality.
71,https://www.flyingcarpet.travel/blog/featured/travel-hidden-gems-to-visit-in-2026/,Plush Cosmetics,1004,Paid Social,6065,166,review,low,unknown_content,raw-url-only:no usable title/topic signal,Review for Plush Cosmetics: detected unknown_content from raw URL evidence. Signals: raw-url-only:no usable title/topic signal.
72,https://www.haystravel.co.uk/blog/hidden-travel-gems-for-2026-2027-unmissable-adventures-off-the-beaten-path/,Moonbucks Coffee,1003,Display,6920,582,review,medium,click_quality,invalid_click_rate:8.4%->click_quality,Review for Moonbucks Coffee: detected click_quality from raw URL evidence. Signals: invalid_click_rate:8.4%->click_quality.
73,https://www.notjusttravel.com/blog/inspiration/destination-dupes-2026-26-hidden-gems-you-need-to-visit,Jet3 Holidays,1001,Search,4873,194,review,low,unknown_content,raw-url-only:no usable title/topic signal,Review for Jet3 Holidays: detected unknown_content from raw URL evidence. Signals: raw-url-only:no usable title/topic signal.
74,https://nicolestravels.com/hidden-gem-travel-destinations-2026/,Moonbucks Coffee,1003,Search,2632,53,review,low,unknown_content,raw-url-only:no usable title/topic signal,Review for Moonbucks Coffee: detected unknown_content from raw URL evidence. Signals: raw-url-only:no usable title/topic signal.
75,https://www.jamiewaketravel.co.uk/the-best-underrated-destinations-for-2026,Plush Cosmetics,1004,Display,2786,108,review,low,unknown_content,raw-url-only:no usable title/topic signal,Review for Plush Cosmetics: detected unknown_content from raw URL evidence. Signals: raw-url-only:no usable title/topic signal.
76,https://blog.hootsuite.com/social-media-trends/,Jen & Berry's Ice Cream,1002,Shopping,6076,347,review,low,unknown_content,raw-url-only:no usable title/topic signal,Review for Jen & Berry's Ice Cream: detected unknown_content from raw URL evidence. Signals: raw-url-only:no usable title/topic signal.
77,https://www.forbes.com/councils/forbescommunicationscouncil/2026/01/02/the-next-social-wave-the-top-6-predictions-that-will-shape-social-media-strategies-in-2026/,Moonbucks Coffee,1003,Paid Social,7651,567,review,low,unknown_content,raw-url-only:no usable title/topic signal,Review for Moonbucks Coffee: detected unknown_content from raw URL evidence. Signals: raw-url-only:no usable title/topic signal.
78,https://meetedgar.com/blog/social-media-trends-2026-the-ins-and-outs,Plush Cosmetics,1004,Search,7010,473,review,low,unknown_content,raw-url-only:no usable title/topic signal,Review for Plush Cosmetics: detected unknown_content from raw URL evidence. Signals: raw-url-only:no usable title/topic signal.
79,https://www.adobe.com/express/learn/blog/2026-social-media-trends,Jen & Berry's Ice Cream,1002,Search,5128,355,review,low,unknown_content,raw-url-only:no usable title/topic signal,Review for Jen & Berry's Ice Cream: detected unknown_content from raw URL evidence. Signals: raw-url-only:no usable title/topic signal.
80,https://wearesocial.com/uk/blog/2025/10/digital-2026-global-overview-report/,Jen & Berry's Ice Cream,1002,Display,3365,138,review,low,unknown_content,raw-url-only:no usable title/topic signal,Review for Jen & Berry's Ice Cream: detected unknown_content from raw URL evidence. Signals: raw-url-only:no usable title/topic signal.
81,https://www.gq.com/story/bts-begins-again-gq-cover-story-march-2026-interview,Plush Cosmetics,1004,Paid Social,6794,178,review,low,unknown_content,raw-url-only:no usable title/topic signal,Review for Plush Cosmetics: detected unknown_content from raw URL evidence. Signals: raw-url-only:no usable title/topic signal.
82,https://thebeat.asia/vibe/celebs-influencers/2026-kpop-comebacks,Plush Cosmetics,1004,PMax,6091,277,review,low,unknown_content,raw-url-only:no usable title/topic signal,Review for Plush Cosmetics: detected unknown_content from raw URL evidence. Signals: raw-url-only:no usable title/topic signal.
83,https://kpopnewswire.com/major-k-pop-comebacks-in-2026-bts-blackpink-exo-bigbang-jisoo-and-more/,Jet3 Holidays,1001,Search,7455,456,review,low,unknown_content,raw-url-only:no usable title/topic signal,Review for Jet3 Holidays: detected unknown_content from raw URL evidence. Signals: raw-url-only:no usable title/topic signal.
84,https://kpopofficial.com/kpop-comebacks/,Jen & Berry's Ice Cream,1002,Display,5544,281,review,low,unknown_content,raw-url-only:no usable title/topic signal,Review for Jen & Berry's Ice Cream: detected unknown_content from raw URL evidence. Signals: raw-url-only:no usable title/topic signal.
85,https://kpoparts.com/kpop-comeback-schedule/,Plush Cosmetics,1004,Shopping,7148,468,review,low,unknown_content,raw-url-only:no usable title/topic signal,Review for Plush Cosmetics: detected unknown_content from raw URL evidence. Signals: raw-url-only:no usable title/topic signal.
86,https://timesofindia.indiatimes.com/entertainment/k-pop/music/news/bts-partners-with-netflix-for-historic-global-arirang-comeback-live-show-everything-you-need-to-know/articleshow/128773938.cms,Jet3 Holidays,1001,PMax,9875,293,review,low,unknown_content,raw-url-only:no usable title/topic signal,Review for Jet3 Holidays: detected unknown_content from raw URL evidence. Signals: raw-url-only:no usable title/topic signal.
87,https://people.com/blackpink-better-together-deadline-mini-album-11915789,Jen & Berry's Ice Cream,1002,Display,5755,293,review,low,unknown_content,raw-url-only:no usable title/topic signal,Review for Jen & Berry's Ice Cream: detected unknown_content from raw URL evidence. Signals: raw-url-only:no usable title/topic signal.
88,https://www.allkpop.com/article/2026/02/bts-reunites-for-gq-march-2026-cover-opens-up-about-comeback-pressure-and-new-album,Jet3 Holidays,1001,Search,1493,108,review,low,unknown_content,raw-url-only:no usable title/topic signal,Review for Jet3 Holidays: detected unknown_content from raw URL evidence. Signals: raw-url-only:no usable title/topic signal.
89,https://explorekoreanow.com/kpop-comebacks-in-2026/,Moonbucks Coffee,1003,PMax,7352,43,review,low,unknown_content,raw-url-only:no usable title/topic signal,Review for Moonbucks Coffee: detected unknown_content from raw URL evidence. Signals: raw-url-only:no usable title/topic signal.
90,https://melonbeat.com/2026-k-pop-comeback-schedule-bts-exo-blackpink/,Moonbucks Coffee,1003,Shopping,3976,280,review,low,unknown_content,raw-url-only:no usable title/topic signal,Review for Moonbucks Coffee: detected unknown_content from raw URL evidence. Signals: raw-url-only:no usable title/topic signal.
91,https://gnet-research.org/2025/01/28/ai-tools-and-the-alt-right-a-double-edged-sword-for-p-cve/,Moonbucks Coffee,1003,Paid Social,7119,519,unsafe,medium,hate_or_alt_right,url:alt right->hate_or_alt_right,Unsafe for Moonbucks Coffee: detected hate_or_alt_right from raw URL evidence. Signals: url:alt right->hate_or_alt_right.
92,https://www.frontiersin.org/journals/political-science/articles/10.3389/fpos.2025.1718396/full,Jet3 Holidays,1001,Shopping,7065,568,review,medium,click_quality,invalid_click_rate:8.0%->click_quality,Review for Jet3 Holidays: detected click_quality from raw URL evidence. Signals: invalid_click_rate:8.0%->click_quality.
93,https://www.rsis.edu.sg/ctta-newsarticle/global-far-right-extremist-exploitation-of-artificial-intelligence-and-alt-tech-the-cases-of-the-uk-us-australia-and-new-zealand/,Plush Cosmetics,1004,PMax,6409,318,unsafe,medium,extremism,url:extremist->extremism,Unsafe for Plush Cosmetics: detected extremism from raw URL evidence. Signals: url:extremist->extremism.
94,https://disa.org/extremist-disinformation-networks-and-narratives-during-crises-a-gnet-analysis/,Jen & Berry's Ice Cream,1002,Shopping,3196,280,unsafe,medium,click_quality;extremism;propaganda_or_disinformation,url:extremist->extremism;url:disinformation->propaganda_or_disinformation;invalid_click_rate:8.8%->click_quality,"Unsafe for Jen & Berry's Ice Cream: detected click_quality, extremism, propaganda_or_disinformation from raw URL evidence. Signals: url:extremist->extremism; url:disinformation->propaganda_or_disinformation; invalid_click_rate:8.8%->click_quality."
95,https://gnet-research.org/,Jet3 Holidays,1001,Display,5823,331,review,low,unknown_content,raw-url-only:no usable title/topic signal,Review for Jet3 Holidays: detected unknown_content from raw URL evidence. Signals: raw-url-only:no usable title/topic signal.
96,https://resq.com/why-do-airplanes-crash/,Jen & Berry's Ice Cream,1002,Shopping,8557,98,review,medium,aviation_incident,url:crash->aviation_incident,Review for Jen & Berry's Ice Cream: detected aviation_incident from raw URL evidence. Signals: url:crash->aviation_incident.
97,https://interestingengineering.com/transportation/why-modern-planes-still-crash,Plush Cosmetics,1004,Search,9591,20,review,medium,aviation_incident,url:crash->aviation_incident,Review for Plush Cosmetics: detected aviation_incident from raw URL evidence. Signals: url:crash->aviation_incident.
98,https://www.ntsb.gov/investigations/AccidentReports/Pages/Reports.aspx,Moonbucks Coffee,1003,Search,3822,15,review,medium,aviation_incident,url:investigation->aviation_incident,Review for Moonbucks Coffee: detected aviation_incident from raw URL evidence. Signals: url:investigation->aviation_incident.
99,https://aviation-safety.net/investigation/,Jen & Berry's Ice Cream,1002,Shopping,8296,581,review,medium,aviation_incident,url:investigation->aviation_incident,Review for Jen & Berry's Ice Cream: detected aviation_incident from raw URL evidence. Signals: url:investigation->aviation_incident.
100,https://www.gov.uk/aaib-reports,Plush Cosmetics,1004,Display,5794,79,review,low,unknown_content,raw-url-only:no usable title/topic signal,Review for Plush Cosmetics: detected unknown_content from raw URL evidence. Signals: raw-url-only:no usable title/topic signal.
101,https://www.olivemagazine.com/recipes/collection/best-ever-one-pot-pasta-recipe-collection/,Jen & Berry's Ice Cream,1002,Shopping,1836,150,review,medium,click_quality;politics,url:maga->politics;invalid_click_rate:8.2%->click_quality,"Review for Jen & Berry's Ice Cream: detected click_quality, politics from raw URL evidence. Signals: url:maga->politics; invalid_click_rate:8.2%->click_quality."
102,https://www.recipetineats.com/category/pasta-recipes/one-pot-pasta-recipes/,Jen & Berry's Ice Cream,1002,Shopping,6194,414,review,low,unknown_content,raw-url-only:no usable title/topic signal,Review for Jen & Berry's Ice Cream: detected unknown_content from raw URL evidence. Signals: raw-url-only:no usable title/topic signal.
103,https://www.foodnetwork.com/recipes/packages/comfort-foods/easy-one-pot-meals/one-pot-pastas,Jet3 Holidays,1001,Shopping,1297,124,review,medium,click_quality,invalid_click_rate:9.6%->click_quality,Review for Jet3 Holidays: detected click_quality from raw URL evidence. Signals: invalid_click_rate:9.6%->click_quality.
104,https://www.thekitchn.com/one-pot-pasta-recipes-261459,Jet3 Holidays,1001,Display,9256,21,review,low,unknown_content,raw-url-only:no usable title/topic signal,Review for Jet3 Holidays: detected unknown_content from raw URL evidence. Signals: raw-url-only:no usable title/topic signal.
105,https://uk.style.yahoo.com/17-satisfying-one-pot-pasta-170200817.html,Jet3 Holidays,1001,PMax,7039,346,review,low,unknown_content,raw-url-only:no usable title/topic signal,Review for Jet3 Holidays: detected unknown_content from raw URL evidence. Signals: raw-url-only:no usable title/topic signal.
106,https://www.thetravelmagazine.net/articles/,Moonbucks Coffee,1003,Shopping,1855,11,review,medium,politics,url:maga->politics,Review for Moonbucks Coffee: detected politics from raw URL evidence. Signals: url:maga->politics.
107,https://www.independent.co.uk/travel,Plush Cosmetics,1004,Paid Social,5298,154,review,low,unknown_content,raw-url-only:no usable title/topic signal,Review for Plush Cosmetics: detected unknown_content from raw URL evidence. Signals: raw-url-only:no usable title/topic signal.
108,https://holiday.saga.co.uk/blog,Moonbucks Coffee,1003,Paid Social,9048,569,review,low,unknown_content,raw-url-only:no usable title/topic signal,Review for Moonbucks Coffee: detected unknown_content from raw URL evidence. Signals: raw-url-only:no usable title/topic signal.
109,https://www.independent.co.uk/travel,Jet3 Holidays,1001,Paid Social,5994,411,review,low,unknown_content,raw-url-only:no usable title/topic signal,Review for Jet3 Holidays: detected unknown_content from raw URL evidence. Signals: raw-url-only:no usable title/topic signal.
110,https://www.thetravelmagazine.net/articles/,Jen & Berry's Ice Cream,1002,PMax,2822,265,review,medium,click_quality;politics,url:maga->politics;invalid_click_rate:9.4%->click_quality,"Review for Jen & Berry's Ice Cream: detected click_quality, politics from raw URL evidence. Signals: url:maga->politics; invalid_click_rate:9.4%->click_quality."
111,https://www.theverge.com/tech/882992/mobile-world-congress-mwc-2026-smartphones-laptops-headphones,Jet3 Holidays,1001,PMax,3425,295,review,medium,click_quality,invalid_click_rate:8.6%->click_quality,Review for Jet3 Holidays: detected click_quality from raw URL evidence. Signals: invalid_click_rate:8.6%->click_quality.
112,https://apnews.com/article/b23e8c9c51c2d09e772fe8709b867ca7,Jen & Berry's Ice Cream,1002,Display,3841,383,review,medium,click_quality,invalid_click_rate:10.0%->click_quality,Review for Jen & Berry's Ice Cream: detected click_quality from raw URL evidence. Signals: invalid_click_rate:10.0%->click_quality.
113,https://www.itpro.com/infrastructure/networking/ericsson-maps-out-the-road-to-fully-commercial-6g-networks-at-mwc-2026,Plush Cosmetics,1004,Paid Social,3347,16,review,low,unknown_content,raw-url-only:no usable title/topic signal,Review for Plush Cosmetics: detected unknown_content from raw URL evidence. Signals: raw-url-only:no usable title/topic signal.
114,https://www.techtimes.com/articles/313559/20251231/top-technology-trends-that-will-shape-2026-emerging-tech-what-expect-next-year.htm,Plush Cosmetics,1004,Shopping,6121,19,review,low,unknown_content,raw-url-only:no usable title/topic signal,Review for Plush Cosmetics: detected unknown_content from raw URL evidence. Signals: raw-url-only:no usable title/topic signal.
115,https://www.forbes.com/councils/forbestechcouncil/2025/12/22/the-most-impactful-business-technology-trends-to-watch-for-2026/,Plush Cosmetics,1004,Search,7303,724,review,medium,click_quality,invalid_click_rate:9.9%->click_quality,Review for Plush Cosmetics: detected click_quality from raw URL evidence. Signals: invalid_click_rate:9.9%->click_quality.
116,https://schoolofsexed.org/blog,Jen & Berry's Ice Cream,1002,Paid Social,2066,113,review,low,unknown_content,raw-url-only:no usable title/topic signal,Review for Jen & Berry's Ice Cream: detected unknown_content from raw URL evidence. Signals: raw-url-only:no usable title/topic signal.
117,https://educationhub.blog.gov.uk/2025/07/new-rshe-guidance-what-parents-need-to-know/,Jen & Berry's Ice Cream,1002,Search,6552,119,review,low,unknown_content,raw-url-only:no usable title/topic signal,Review for Jen & Berry's Ice Cream: detected unknown_content from raw URL evidence. Signals: raw-url-only:no usable title/topic signal.
118,https://www.sciencedirect.com/science/article/pii/S1054139X25002344,Jen & Berry's Ice Cream,1002,Display,8766,125,review,low,unknown_content,raw-url-only:no usable title/topic signal,Review for Jen & Berry's Ice Cream: detected unknown_content from raw URL evidence. Signals: raw-url-only:no usable title/topic signal.
119,https://schoolofsexed.org/blog,Jen & Berry's Ice Cream,1002,Display,5779,347,review,low,unknown_content,raw-url-only:no usable title/topic signal,Review for Jen & Berry's Ice Cream: detected unknown_content from raw URL evidence. Signals: raw-url-only:no usable title/topic signal.
120,https://schoolofsexed.org/blog,Plush Cosmetics,1004,Paid Social,7746,152,review,low,unknown_content,raw-url-only:no usable title/topic signal,Review for Plush Cosmetics: detected unknown_content from raw URL evidence. Signals: raw-url-only:no usable title/topic signal.
121,https://heathercoxrichardson.substack.com/,Plush Cosmetics,1004,Paid Social,6719,623,review,medium,click_quality,invalid_click_rate:9.3%->click_quality,Review for Plush Cosmetics: detected click_quality from raw URL evidence. Signals: invalid_click_rate:9.3%->click_quality.
122,https://heathercoxrichardson.substack.com/p/politics-chat-february-26-2026,Jet3 Holidays,1001,Paid Social,6765,513,review,medium,politics,url:politics->politics,Review for Jet3 Holidays: detected politics from raw URL evidence. Signals: url:politics->politics.
123,https://samf.substack.com/,Plush Cosmetics,1004,Paid Social,2858,108,review,low,unknown_content,raw-url-only:no usable title/topic signal,Review for Plush Cosmetics: detected unknown_content from raw URL evidence. Signals: raw-url-only:no usable title/topic signal.
124,https://democracyforsale.substack.com/,Jet3 Holidays,1001,Shopping,1386,20,review,low,unknown_content,raw-url-only:no usable title/topic signal,Review for Jet3 Holidays: detected unknown_content from raw URL evidence. Signals: raw-url-only:no usable title/topic signal.
125,https://dominiccummings.substack.com/,Moonbucks Coffee,1003,Shopping,8263,718,review,medium,click_quality,invalid_click_rate:8.7%->click_quality,Review for Moonbucks Coffee: detected click_quality from raw URL evidence. Signals: invalid_click_rate:8.7%->click_quality.
126,https://www.theguardian.com/world/2026/mar/03/ukraine-war-briefing-russia-army-records-slowest-advance-since-2024-amid-starlink-cut-data-shows,Jen & Berry's Ice Cream,1002,Search,1588,20,review,medium,war_or_conflict,url:war->war_or_conflict,Review for Jen & Berry's Ice Cream: detected war_or_conflict from raw URL evidence. Signals: url:war->war_or_conflict.
127,https://www.ft.com/content/8f5f18fb-311d-4df0-805c-063b292506b3,Plush Cosmetics,1004,Shopping,5102,339,review,low,unknown_content,raw-url-only:no usable title/topic signal,Review for Plush Cosmetics: detected unknown_content from raw URL evidence. Signals: raw-url-only:no usable title/topic signal.
128,https://www.aljazeera.com/news/2026/2/27/russia-ukraine-war-list-of-key-events-day-1464,Plush Cosmetics,1004,Search,2223,108,review,medium,war_or_conflict,url:war->war_or_conflict,Review for Plush Cosmetics: detected war_or_conflict from raw URL evidence. Signals: url:war->war_or_conflict.
129,https://www.ft.com/war-in-ukraine,Jen & Berry's Ice Cream,1002,Paid Social,2390,74,review,medium,war_or_conflict,url:war->war_or_conflict,Review for Jen & Berry's Ice Cream: detected war_or_conflict from raw URL evidence. Signals: url:war->war_or_conflict.
130,https://www.bloomberg.com/latest/russia-ukraine-war,Plush Cosmetics,1004,Paid Social,2770,174,review,medium,war_or_conflict,url:war->war_or_conflict,Review for Plush Cosmetics: detected war_or_conflict from raw URL evidence. Signals: url:war->war_or_conflict.
131,https://www.rand.org/pubs/research_reports/RRA4360-2.html,Moonbucks Coffee,1003,Paid Social,7384,261,review,low,unknown_content,raw-url-only:no usable title/topic signal,Review for Moonbucks Coffee: detected unknown_content from raw URL evidence. Signals: raw-url-only:no usable title/topic signal.
132,https://www.britannica.com/procon/gun-control-debate,Jet3 Holidays,1001,Search,1945,74,unsafe,medium,weapons,url:gun->weapons,Unsafe for Jet3 Holidays: detected weapons from raw URL evidence. Signals: url:gun->weapons.
133,https://publichealth.jhu.edu/center-for-gun-violence-solutions/data/national-survey-of-gun-policy,Jet3 Holidays,1001,Search,4836,200,unsafe,medium,politics;weapons,url:gun->weapons;url:policy->politics,"Unsafe for Jet3 Holidays: detected politics, weapons from raw URL evidence. Signals: url:gun->weapons; url:policy->politics."
134,https://hsph.harvard.edu/research/injury-control/firearms-research/policy-evaluation/,Jet3 Holidays,1001,Display,8951,352,unsafe,medium,politics;weapons,url:firearm->weapons;url:policy->politics,"Unsafe for Jet3 Holidays: detected politics, weapons from raw URL evidence. Signals: url:firearm->weapons; url:policy->politics."
135,https://journals.sagepub.com/doi/pdf/10.1177/00027162231174162?download=true,Plush Cosmetics,1004,PMax,2184,179,review,medium,click_quality,invalid_click_rate:8.2%->click_quality,Review for Plush Cosmetics: detected click_quality from raw URL evidence. Signals: invalid_click_rate:8.2%->click_quality.
136,https://www.gamespot.com/gallery/the-best-games-of-2026/2900-7436/,Jen & Berry's Ice Cream,1002,Shopping,7760,402,review,low,unknown_content,raw-url-only:no usable title/topic signal,Review for Jen & Berry's Ice Cream: detected unknown_content from raw URL evidence. Signals: raw-url-only:no usable title/topic signal.
137,https://www.gamesradar.com/games/big-in-2026-the-ultimate-guide-to-the-video-games-that-will-shape-2026-and-beyond/,Moonbucks Coffee,1003,PMax,7693,307,review,low,unknown_content,raw-url-only:no usable title/topic signal,Review for Moonbucks Coffee: detected unknown_content from raw URL evidence. Signals: raw-url-only:no usable title/topic signal.
138,https://www.techradar.com/gaming/most-anticipated-games-of-2026,Jet3 Holidays,1001,Search,7717,312,review,low,unknown_content,raw-url-only:no usable title/topic signal,Review for Jet3 Holidays: detected unknown_content from raw URL evidence. Signals: raw-url-only:no usable title/topic signal.
139,https://www.avclub.com/2026-video-games-preview,Plush Cosmetics,1004,Display,8519,773,review,medium,click_quality,invalid_click_rate:9.1%->click_quality,Review for Plush Cosmetics: detected click_quality from raw URL evidence. Signals: invalid_click_rate:9.1%->click_quality.
140,https://blog.mavigadget.com/video-games-2026-key-trends-shaping-the-future-of-play/,Plush Cosmetics,1004,Shopping,4275,182,review,low,unknown_content,raw-url-only:no usable title/topic signal,Review for Plush Cosmetics: detected unknown_content from raw URL evidence. Signals: raw-url-only:no usable title/topic signal.
141,https://unu.edu/ehs/article/5-things-watch-climate-and-environment-2026,Plush Cosmetics,1004,PMax,8869,763,review,medium,click_quality,invalid_click_rate:8.6%->click_quality,Review for Plush Cosmetics: detected click_quality from raw URL evidence. Signals: invalid_click_rate:8.6%->click_quality.
142,https://www.wri.org/insights/stories-to-watch-climate-economy-2026,Jen & Berry's Ice Cream,1002,Paid Social,4093,273,review,low,unknown_content,raw-url-only:no usable title/topic signal,Review for Jen & Berry's Ice Cream: detected unknown_content from raw URL evidence. Signals: raw-url-only:no usable title/topic signal.
143,https://www.weforum.org/stories/2026/02/2026-global-risks-report-environmental-risks-remain-urgent/,Moonbucks Coffee,1003,Shopping,1201,64,review,low,unknown_content,raw-url-only:no usable title/topic signal,Review for Moonbucks Coffee: detected unknown_content from raw URL evidence. Signals: raw-url-only:no usable title/topic signal.
144,https://www.msci.com/research-and-insights/blog-post/sustainability-and-climate-in-focus-trends-to-watch-for-2026,Moonbucks Coffee,1003,Display,4213,115,review,low,unknown_content,raw-url-only:no usable title/topic signal,Review for Moonbucks Coffee: detected unknown_content from raw URL evidence. Signals: raw-url-only:no usable title/topic signal.
145,https://www.theguardian.com/environment/2026/mar/03/australia-summer-extreme-weather-wettest-hottest-records,Plush Cosmetics,1004,Shopping,1451,50,review,low,unknown_content,raw-url-only:no usable title/topic signal,Review for Plush Cosmetics: detected unknown_content from raw URL evidence. Signals: raw-url-only:no usable title/topic signal.
146,https://www.nasaspaceflight.com/2026/01/space-science-2026-preview/,Moonbucks Coffee,1003,PMax,4333,309,review,low,unknown_content,raw-url-only:no usable title/topic signal,Review for Moonbucks Coffee: detected unknown_content from raw URL evidence. Signals: raw-url-only:no usable title/topic signal.
147,https://science.nasa.gov/mars/stories/,Jen & Berry's Ice Cream,1002,Paid Social,4387,164,review,low,unknown_content,raw-url-only:no usable title/topic signal,Review for Jen & Berry's Ice Cream: detected unknown_content from raw URL evidence. Signals: raw-url-only:no usable title/topic signal.
148,https://www.space.com/space-exploration/mars-rovers/curiosity-rover-finds-clues-to-mars-watery-past-in-rocky-spiderwebs,Plush Cosmetics,1004,Paid Social,4412,123,review,low,unknown_content,raw-url-only:no usable title/topic signal,Review for Plush Cosmetics: detected unknown_content from raw URL evidence. Signals: raw-url-only:no usable title/topic signal.
149,https://arstechnica.com/space/2026/02/a-non-public-document-reveals-that-science-may-not-be-prioritized-on-next-mars-mission/,Plush Cosmetics,1004,Display,9233,286,review,low,unknown_content,raw-url-only:no usable title/topic signal,Review for Plush Cosmetics: detected unknown_content from raw URL evidence. Signals: raw-url-only:no usable title/topic signal.
150,https://thedebrief.org/2026-space-outlook-new-missions-look-to-the-moon-mars-and-beyond-as-humanity-seeks-permanent-space-habitation/,Jen & Berry's Ice Cream,1002,Shopping,6995,229,review,low,unknown_content,raw-url-only:no usable title/topic signal,Review for Jen & Berry's Ice Cream: detected unknown_content from raw URL evidence. Signals: raw-url-only:no usable title/topic signal.
151,https://www.uclahealth.org/news/article/nine-mental-health-tips-happier-2026,Moonbucks Coffee,1003,Paid Social,1236,41,review,medium,mental_health,url:mental health->mental_health,Review for Moonbucks Coffee: detected mental_health from raw URL evidence. Signals: url:mental health->mental_health.
152,https://www.mentalhealth.org.uk/explore-mental-health/blogs,Moonbucks Coffee,1003,PMax,8941,16,review,medium,mental_health,url:mental health->mental_health,Review for Moonbucks Coffee: detected mental_health from raw URL evidence. Signals: url:mental health->mental_health.
153,https://mentalhealth-uk.org/blog/mental-health-uks-new-strategy-for-2026-2031-our-plan-for-a-mentally-healthier-and-thriving-uk/,Moonbucks Coffee,1003,PMax,7764,323,review,medium,mental_health,url:mental health->mental_health,Review for Moonbucks Coffee: detected mental_health from raw URL evidence. Signals: url:mental health->mental_health.
154,https://www.parinc.com/learning-center/par-blog/detail/blog/2025/12/19/six-mental-health-resolutions-worth-setting-for-2026,Plush Cosmetics,1004,Search,8927,312,review,medium,mental_health,url:mental health->mental_health,Review for Plush Cosmetics: detected mental_health from raw URL evidence. Signals: url:mental health->mental_health.
155,https://www.verywellmind.com/floor-time-11917599,Moonbucks Coffee,1003,Search,8115,256,review,low,unknown_content,raw-url-only:no usable title/topic signal,Review for Moonbucks Coffee: detected unknown_content from raw URL evidence. Signals: raw-url-only:no usable title/topic signal.
156,https://www.gardenersworld.com/garden-advice/beginner-gardening/,Moonbucks Coffee,1003,Paid Social,2362,186,review,low,unknown_content,raw-url-only:no usable title/topic signal,Review for Moonbucks Coffee: detected unknown_content from raw URL evidence. Signals: raw-url-only:no usable title/topic signal.
157,https://gardenersnewmalden.org.uk/blog/beginners-guide-to-gardening-9-key-tips-for-your-first-garden/,Moonbucks Coffee,1003,Display,6544,640,review,medium,click_quality,invalid_click_rate:9.8%->click_quality,Review for Moonbucks Coffee: detected click_quality from raw URL evidence. Signals: invalid_click_rate:9.8%->click_quality.
158,https://www.gardenerbasics.com/blog/gardening-tips-for-beginners,Plush Cosmetics,1004,Search,8882,383,review,low,unknown_content,raw-url-only:no usable title/topic signal,Review for Plush Cosmetics: detected unknown_content from raw URL evidence. Signals: raw-url-only:no usable title/topic signal.
159,https://gardenersshepherdsbush.org.uk/blog/essential-gardening-guide-9-tips-for-newcomers/,Moonbucks Coffee,1003,Shopping,2939,241,review,medium,click_quality,invalid_click_rate:8.2%->click_quality,Review for Moonbucks Coffee: detected click_quality from raw URL evidence. Signals: invalid_click_rate:8.2%->click_quality.
160,https://gardenerswembley.org.uk/blog/prepare-to-plant-9-essential-gardening-tips-for-newbies/,Jen & Berry's Ice Cream,1002,PMax,5398,352,review,low,unknown_content,raw-url-only:no usable title/topic signal,Review for Jen & Berry's Ice Cream: detected unknown_content from raw URL evidence. Signals: raw-url-only:no usable title/topic signal.
161,https://www.ft.com/content/b85bb03a-28ed-4f9e-b458-0b80c63d9d93,Jet3 Holidays,1001,Shopping,4396,0,review,low,unknown_content,raw-url-only:no usable title/topic signal,Review for Jet3 Holidays: detected unknown_content from raw URL evidence. Signals: raw-url-only:no usable title/topic signal.
162,https://www.nga.gov/stories/articles,Plush Cosmetics,1004,Shopping,3966,310,review,low,unknown_content,raw-url-only:no usable title/topic signal,Review for Plush Cosmetics: detected unknown_content from raw URL evidence. Signals: raw-url-only:no usable title/topic signal.
163,https://www.smithsonianmag.com/tag/art-history/,Jet3 Holidays,1001,Display,2183,103,review,low,unknown_content,raw-url-only:no usable title/topic signal,Review for Jet3 Holidays: detected unknown_content from raw URL evidence. Signals: raw-url-only:no usable title/topic signal.
164,https://daily.jstor.org/jstor-dailys-archives-of-art-history/,Moonbucks Coffee,1003,PMax,6263,587,review,medium,click_quality,invalid_click_rate:9.4%->click_quality,Review for Moonbucks Coffee: detected click_quality from raw URL evidence. Signals: invalid_click_rate:9.4%->click_quality.
165,https://archives.history.ac.uk/makinghistory/resources/articles/art_history.html,Jet3 Holidays,1001,PMax,9630,847,review,medium,click_quality,invalid_click_rate:8.8%->click_quality,Review for Jet3 Holidays: detected click_quality from raw URL evidence. Signals: invalid_click_rate:8.8%->click_quality.
166,https://www.gov.uk/government/publications/the-uks-international-education-strategy-2026,Moonbucks Coffee,1003,Shopping,6028,230,review,medium,politics,url:government->politics,Review for Moonbucks Coffee: detected politics from raw URL evidence. Signals: url:government->politics.
167,https://ifs.org.uk/publications/annual-report-education-spending-england-2025-26,Moonbucks Coffee,1003,Paid Social,1534,76,review,low,unknown_content,raw-url-only:no usable title/topic signal,Review for Moonbucks Coffee: detected unknown_content from raw URL evidence. Signals: raw-url-only:no usable title/topic signal.
168,https://www.tes.com/magazine/analysis/general/2026-pivotal-year-school-workforce,Plush Cosmetics,1004,Search,1946,166,review,medium,click_quality;politics,url:maga->politics;invalid_click_rate:8.5%->click_quality,"Review for Plush Cosmetics: detected click_quality, politics from raw URL evidence. Signals: url:maga->politics; invalid_click_rate:8.5%->click_quality."
169,https://www.cambridge.org/partnership/news-and-events/news/a-year-of-possibility-turning-education-system-challenges-into-opportunities-in-2026,Jen & Berry's Ice Cream,1002,Shopping,3347,115,review,low,unknown_content,raw-url-only:no usable title/topic signal,Review for Jen & Berry's Ice Cream: detected unknown_content from raw URL evidence. Signals: raw-url-only:no usable title/topic signal.
170,https://www.theguardian.com/education/2026/feb/24/send-plan-for-england-gets-cautious-welcome-amid-workload-concerns,Plush Cosmetics,1004,Search,3383,184,review,low,unknown_content,raw-url-only:no usable title/topic signal,Review for Plush Cosmetics: detected unknown_content from raw URL evidence. Signals: raw-url-only:no usable title/topic signal.
171,https://research.checkpoint.com/2026/cyber-security-report-2026/,Jen & Berry's Ice Cream,1002,Paid Social,8451,417,review,low,unknown_content,raw-url-only:no usable title/topic signal,Review for Jen & Berry's Ice Cream: detected unknown_content from raw URL evidence. Signals: raw-url-only:no usable title/topic signal.
172,https://www.fortinet.com/content/dam/fortinet/assets/threat-reports/report-threat-predictions-2026.pdf,Moonbucks Coffee,1003,Display,2583,57,review,low,unknown_content,raw-url-only:no usable title/topic signal,Review for Moonbucks Coffee: detected unknown_content from raw URL evidence. Signals: raw-url-only:no usable title/topic signal.
173,https://www.guidepointsecurity.com/wp-content/uploads/2026/01/GRIT-2026-Ransomware-and-Cyber-Threat-Report.pdf,Moonbucks Coffee,1003,Shopping,4122,255,review,medium,war_or_conflict,url:war->war_or_conflict,Review for Moonbucks Coffee: detected war_or_conflict from raw URL evidence. Signals: url:war->war_or_conflict.
174,https://cyberstrategyinstitute.com/2026-ransomware-reality-report/,Moonbucks Coffee,1003,Display,8006,394,review,medium,war_or_conflict,url:war->war_or_conflict,Review for Moonbucks Coffee: detected war_or_conflict from raw URL evidence. Signals: url:war->war_or_conflict.
175,https://ibimapublishing.com/articles/JIACS/2026/387036/,Jen & Berry's Ice Cream,1002,PMax,2623,156,review,low,unknown_content,raw-url-only:no usable title/topic signal,Review for Jen & Berry's Ice Cream: detected unknown_content from raw URL evidence. Signals: raw-url-only:no usable title/topic signal.
176,https://www.hostinger.com/tutorials/entrepreneurship-blog,Jet3 Holidays,1001,Search,7848,436,review,low,unknown_content,raw-url-only:no usable title/topic signal,Review for Jet3 Holidays: detected unknown_content from raw URL evidence. Signals: raw-url-only:no usable title/topic signal.
177,https://bloggers.feedspot.com/startup_blogs/,Jet3 Holidays,1001,Paid Social,5327,49,review,low,unknown_content,raw-url-only:no usable title/topic signal,Review for Jet3 Holidays: detected unknown_content from raw URL evidence. Signals: raw-url-only:no usable title/topic signal.
178,https://www.outsourceaccelerator.com/articles/startup-blogs/,Jet3 Holidays,1001,Paid Social,4384,153,review,low,unknown_content,raw-url-only:no usable title/topic signal,Review for Jet3 Holidays: detected unknown_content from raw URL evidence. Signals: raw-url-only:no usable title/topic signal.
179,https://resources.s45.ai/blogs/best-startup-blogs-entrepreneurs,Plush Cosmetics,1004,Search,9921,276,review,low,unknown_content,raw-url-only:no usable title/topic signal,Review for Plush Cosmetics: detected unknown_content from raw URL evidence. Signals: raw-url-only:no usable title/topic signal.
180,https://www.startuplinkx.com/post/100-must-read-blogs-for-startup-founders-in-2025,Moonbucks Coffee,1003,Display,8985,395,review,low,unknown_content,raw-url-only:no usable title/topic signal,Review for Moonbucks Coffee: detected unknown_content from raw URL evidence. Signals: raw-url-only:no usable title/topic signal.
181,https://www.footballwebpages.co.uk/premier-league/fixtures-results/march,Moonbucks Coffee,1003,Shopping,5584,19,review,low,unknown_content,raw-url-only:no usable title/topic signal,Review for Moonbucks Coffee: detected unknown_content from raw URL evidence. Signals: raw-url-only:no usable title/topic signal.
182,https://www.statmuse.com/fc/ask/premier-league-fixtures-march-2026,Plush Cosmetics,1004,Display,4822,463,review,medium,click_quality,invalid_click_rate:9.6%->click_quality,Review for Plush Cosmetics: detected click_quality from raw URL evidence. Signals: invalid_click_rate:9.6%->click_quality.
183,https://sports.yahoo.com/articles/newcastle-2-3-everton-match-140000695.html,Plush Cosmetics,1004,Display,9500,506,review,low,unknown_content,raw-url-only:no usable title/topic signal,Review for Plush Cosmetics: detected unknown_content from raw URL evidence. Signals: raw-url-only:no usable title/topic signal.
184,https://www.thetimes.com/sport/football/article/birmingham-city-middlesbrough-championship-score-result-report-zckg686m3,Moonbucks Coffee,1003,Shopping,3709,229,review,low,unknown_content,raw-url-only:no usable title/topic signal,Review for Moonbucks Coffee: detected unknown_content from raw URL evidence. Signals: raw-url-only:no usable title/topic signal.
185,https://www.premierleague.com/en/media/publications,Moonbucks Coffee,1003,Shopping,9185,11,review,low,unknown_content,raw-url-only:no usable title/topic signal,Review for Moonbucks Coffee: detected unknown_content from raw URL evidence. Signals: raw-url-only:no usable title/topic signal.
186,https://movieweb.com/every-movie-theaters-march-2026/,Jen & Berry's Ice Cream,1002,Display,4827,61,review,low,unknown_content,raw-url-only:no usable title/topic signal,Review for Jen & Berry's Ice Cream: detected unknown_content from raw URL evidence. Signals: raw-url-only:no usable title/topic signal.
187,https://screenrant.com/march-2026-movies-theaters-release-dates/,Jet3 Holidays,1001,Search,2589,60,review,low,unknown_content,raw-url-only:no usable title/topic signal,Review for Jet3 Holidays: detected unknown_content from raw URL evidence. Signals: raw-url-only:no usable title/topic signal.
188,https://www.marketwatch.com/story/heres-whats-worth-streaming-in-march-2026-on-netflix-hulu-hbo-max-and-more-83f5b64d,Plush Cosmetics,1004,PMax,4705,128,review,low,unknown_content,raw-url-only:no usable title/topic signal,Review for Plush Cosmetics: detected unknown_content from raw URL evidence. Signals: raw-url-only:no usable title/topic signal.
189,https://variety.com/lists/best-movies-streaming-march-2026/,Jet3 Holidays,1001,Search,5802,389,review,low,unknown_content,raw-url-only:no usable title/topic signal,Review for Jet3 Holidays: detected unknown_content from raw URL evidence. Signals: raw-url-only:no usable title/topic signal.
190,https://www.techradar.com/streaming/7-new-horror-movies-on-netflix-shudder-hbo-max-and-more-in-march-2026,Plush Cosmetics,1004,Search,5615,28,review,low,unknown_content,raw-url-only:no usable title/topic signal,Review for Plush Cosmetics: detected unknown_content from raw URL evidence. Signals: raw-url-only:no usable title/topic signal.
191,https://www.waterstones.com/blog/the-books-you-need-to-read-in-2026,Moonbucks Coffee,1003,Display,4930,376,review,low,unknown_content,raw-url-only:no usable title/topic signal,Review for Moonbucks Coffee: detected unknown_content from raw URL evidence. Signals: raw-url-only:no usable title/topic signal.
192,https://www.penguin.co.uk/discover/articles/best-must-read-books-2026,Jet3 Holidays,1001,Search,3840,289,review,low,unknown_content,raw-url-only:no usable title/topic signal,Review for Jet3 Holidays: detected unknown_content from raw URL evidence. Signals: raw-url-only:no usable title/topic signal.
193,https://www.publishersweekly.com/pw/by-topic/new-titles/adult-announcements/article/99233-spring-2026-fiction-nonfiction-preview-literary-fiction.html,Plush Cosmetics,1004,Search,7543,409,review,low,unknown_content,raw-url-only:no usable title/topic signal,Review for Plush Cosmetics: detected unknown_content from raw URL evidence. Signals: raw-url-only:no usable title/topic signal.
194,https://www.newyorker.com/best-books-2026,Plush Cosmetics,1004,Paid Social,6467,222,review,low,unknown_content,raw-url-only:no usable title/topic signal,Review for Plush Cosmetics: detected unknown_content from raw URL evidence. Signals: raw-url-only:no usable title/topic signal.
195,https://www.vogue.com/article/best-books-of-2026,Jen & Berry's Ice Cream,1002,Paid Social,7960,606,review,low,unknown_content,raw-url-only:no usable title/topic signal,Review for Jen & Berry's Ice Cream: detected unknown_content from raw URL evidence. Signals: raw-url-only:no usable title/topic signal.
196,https://pitchfork.com/reviews/albums/,Jen & Berry's Ice Cream,1002,Shopping,3582,139,review,low,unknown_content,raw-url-only:no usable title/topic signal,Review for Jen & Berry's Ice Cream: detected unknown_content from raw URL evidence. Signals: raw-url-only:no usable title/topic signal.
197,https://pitchfork.com/reviews/albums/jackie-west-silent-century,Moonbucks Coffee,1003,Search,1146,39,review,low,unknown_content,raw-url-only:no usable title/topic signal,Review for Moonbucks Coffee: detected unknown_content from raw URL evidence. Signals: raw-url-only:no usable title/topic signal.
198,https://pitchfork.com/reviews/albums/skaiwater-wonderful,Plush Cosmetics,1004,PMax,2830,131,review,low,unknown_content,raw-url-only:no usable title/topic signal,Review for Plush Cosmetics: detected unknown_content from raw URL evidence. Signals: raw-url-only:no usable title/topic signal.
199,https://www.stereogum.com/2483786/2026-albums-release-list/lists/album-list,Jet3 Holidays,1001,PMax,6611,68,review,low,unknown_content,raw-url-only:no usable title/topic signal,Review for Jet3 Holidays: detected unknown_content from raw URL evidence. Signals: raw-url-only:no usable title/topic signal.
200,https://variety.com/2026/music/album-reviews/bruno-mars-the-romantic-album-review-1236674615/,Moonbucks Coffee,1003,Display,4271,27,review,low,unknown_content,raw-url-only:no usable title/topic signal,Review for Moonbucks Coffee: detected unknown_content from raw URL evidence. Signals: raw-url-only:no usable title/topic signal.
201,https://www.youtube.com/watch?v=0e3GPea1Tyg,Moonbucks Coffee,1003,Youtube,1539,2,review,low,unknown_content,raw-url-only:no usable title/topic signal,Review for Moonbucks Coffee: detected unknown_content from raw URL evidence. Signals: raw-url-only:no usable title/topic signal.
202,https://www.youtube.com/watch?v=9bqk6ZUsKyA,Plush Cosmetics,1004,Youtube,4385,322,review,low,unknown_content,raw-url-only:no usable title/topic signal,Review for Plush Cosmetics: detected unknown_content from raw URL evidence. Signals: raw-url-only:no usable title/topic signal.
203,https://www.youtube.com/watch?v=TJ2ifmkGGus,Plush Cosmetics,1004,Youtube,9447,425,review,low,unknown_content,raw-url-only:no usable title/topic signal,Review for Plush Cosmetics: detected unknown_content from raw URL evidence. Signals: raw-url-only:no usable title/topic signal.
204,https://www.youtube.com/watch?v=zajUgQLviwk,Jen & Berry's Ice Cream,1002,Youtube,2409,135,review,low,unknown_content,raw-url-only:no usable title/topic signal,Review for Jen & Berry's Ice Cream: detected unknown_content from raw URL evidence. Signals: raw-url-only:no usable title/topic signal.
205,https://www.youtube.com/watch?v=ndAQfTzlVjc,Jen & Berry's Ice Cream,1002,Youtube,8661,495,review,low,unknown_content,raw-url-only:no usable title/topic signal,Review for Jen & Berry's Ice Cream: detected unknown_content from raw URL evidence. Signals: raw-url-only:no usable title/topic signal.
206,https://www.youtube.com/watch?v=sESRuTyfsEk,Moonbucks Coffee,1003,Youtube,5901,1331,review,medium,click_quality,invalid_click_rate:22.6%->click_quality,Review for Moonbucks Coffee: detected click_quality from raw URL evidence. Signals: invalid_click_rate:22.6%->click_quality.
207,https://www.youtube.com/watch?v=qkzJRqUO_VE,Plush Cosmetics,1004,Youtube,2682,200,review,low,unknown_content,raw-url-only:no usable title/topic signal,Review for Plush Cosmetics: detected unknown_content from raw URL evidence. Signals: raw-url-only:no usable title/topic signal.
208,https://www.youtube.com/watch?v=7IKab3HcfFk,Jet3 Holidays,1001,Youtube,1479,12,review,low,unknown_content,raw-url-only:no usable title/topic signal,Review for Jet3 Holidays: detected unknown_content from raw URL evidence. Signals: raw-url-only:no usable title/topic signal.
209,https://www.youtube.com/watch?v=Hwybp38GnZw,Moonbucks Coffee,1003,Youtube,2374,75,review,low,unknown_content,raw-url-only:no usable title/topic signal,Review for Moonbucks Coffee: detected unknown_content from raw URL evidence. Signals: raw-url-only:no usable title/topic signal.
210,https://www.youtube.com/watch?v=r7zJ8srwwjk,Moonbucks Coffee,1003,Youtube,6737,599,review,medium,click_quality,invalid_click_rate:8.9%->click_quality,Review for Moonbucks Coffee: detected click_quality from raw URL evidence. Signals: invalid_click_rate:8.9%->click_quality.
211,https://www.youtube.com/watch?v=X_KXvjOJ7YA,Plush Cosmetics,1004,Youtube,4320,143,review,low,unknown_content,raw-url-only:no usable title/topic signal,Review for Plush Cosmetics: detected unknown_content from raw URL evidence. Signals: raw-url-only:no usable title/topic signal.
212,https://www.youtube.com/watch?v=3myXWQmI1Hk,Plush Cosmetics,1004,Youtube,1109,109,review,medium,click_quality,invalid_click_rate:9.8%->click_quality,Review for Plush Cosmetics: detected click_quality from raw URL evidence. Signals: invalid_click_rate:9.8%->click_quality.
213,https://www.youtube.com/watch?v=UNYBy19S6GA,Jen & Berry's Ice Cream,1002,Youtube,1595,292,review,medium,click_quality,invalid_click_rate:18.3%->click_quality,Review for Jen & Berry's Ice Cream: detected click_quality from raw URL evidence. Signals: invalid_click_rate:18.3%->click_quality.
214,https://www.youtube.com/watch?v=efBB0D4tf1Y,Jen & Berry's Ice Cream,1002,Youtube,9064,300,review,low,unknown_content,raw-url-only:no usable title/topic signal,Review for Jen & Berry's Ice Cream: detected unknown_content from raw URL evidence. Signals: raw-url-only:no usable title/topic signal.
215,https://www.youtube.com/watch?v=yINwbJ6kSZU,Moonbucks Coffee,1003,Youtube,1931,52,review,low,unknown_content,raw-url-only:no usable title/topic signal,Review for Moonbucks Coffee: detected unknown_content from raw URL evidence. Signals: raw-url-only:no usable title/topic signal.
216,https://www.youtube.com/watch?v=M3uD7HlBDD0,Plush Cosmetics,1004,Youtube,2374,229,review,medium,click_quality,invalid_click_rate:9.6%->click_quality,Review for Plush Cosmetics: detected click_quality from raw URL evidence. Signals: invalid_click_rate:9.6%->click_quality.
217,https://www.youtube.com/watch?v=2El1NWjM8pY,Jet3 Holidays,1001,Youtube,9066,182,review,low,unknown_content,raw-url-only:no usable title/topic signal,Review for Jet3 Holidays: detected unknown_content from raw URL evidence. Signals: raw-url-only:no usable title/topic signal.
218,https://www.youtube.com/watch?v=OogznCaVZfU,Moonbucks Coffee,1003,Youtube,7787,343,review,low,unknown_content,raw-url-only:no usable title/topic signal,Review for Moonbucks Coffee: detected unknown_content from raw URL evidence. Signals: raw-url-only:no usable title/topic signal.
219,https://www.youtube.com/watch?v=Izr0xpR9U2A,Moonbucks Coffee,1003,Youtube,2709,224,review,medium,click_quality,invalid_click_rate:8.3%->click_quality,Review for Moonbucks Coffee: detected click_quality from raw URL evidence. Signals: invalid_click_rate:8.3%->click_quality.
220,https://www.youtube.com/watch?v=gLofWjrc91M,Plush Cosmetics,1004,Youtube,1022,9,review,low,unknown_content,raw-url-only:no usable title/topic signal,Review for Plush Cosmetics: detected unknown_content from raw URL evidence. Signals: raw-url-only:no usable title/topic signal.
221,https://www.youtube.com/watch?v=cb5038XFr7o,Plush Cosmetics,1004,Youtube,8715,127,review,low,unknown_content,raw-url-only:no usable title/topic signal,Review for Plush Cosmetics: detected unknown_content from raw URL evidence. Signals: raw-url-only:no usable title/topic signal.
222,https://www.youtube.com/watch?v=ppo52N_-lr0,Jen & Berry's Ice Cream,1002,Youtube,70,1,review,low,unknown_content,raw-url-only:no usable title/topic signal,Review for Jen & Berry's Ice Cream: detected unknown_content from raw URL evidence. Signals: raw-url-only:no usable title/topic signal.
223,https://www.youtube.com/watch?v=LbYgxmiksvY,Jen & Berry's Ice Cream,1002,Youtube,45,2,review,low,unknown_content,raw-url-only:no usable title/topic signal,Review for Jen & Berry's Ice Cream: detected unknown_content from raw URL evidence. Signals: raw-url-only:no usable title/topic signal.
224,https://www.youtube.com/watch?v=n7olTKux4tk,Moonbucks Coffee,1003,Youtube,300,30,review,medium,click_quality,invalid_click_rate:10.0%->click_quality,Review for Moonbucks Coffee: detected click_quality from raw URL evidence. Signals: invalid_click_rate:10.0%->click_quality.
225,https://www.youtube.com/watch?v=_pLSLPcZYVg,Plush Cosmetics,1004,Youtube,1479,12,review,low,unknown_content,raw-url-only:no usable title/topic signal,Review for Plush Cosmetics: detected unknown_content from raw URL evidence. Signals: raw-url-only:no usable title/topic signal.
226,https://www.youtube.com/watch?v=Zc5ceIkihYE,Jet3 Holidays,1001,Youtube,2374,75,review,low,unknown_content,raw-url-only:no usable title/topic signal,Review for Jet3 Holidays: detected unknown_content from raw URL evidence. Signals: raw-url-only:no usable title/topic signal.
227,https://www.youtube.com/watch?v=PvTMxwPI4_0,Moonbucks Coffee,1003,Youtube,6737,599,review,medium,click_quality,invalid_click_rate:8.9%->click_quality,Review for Moonbucks Coffee: detected click_quality from raw URL evidence. Signals: invalid_click_rate:8.9%->click_quality.
228,https://www.youtube.com/watch?v=uny2nOMpYKg,Moonbucks Coffee,1003,Youtube,9066,182,review,low,unknown_content,raw-url-only:no usable title/topic signal,Review for Moonbucks Coffee: detected unknown_content from raw URL evidence. Signals: raw-url-only:no usable title/topic signal.
229,https://www.youtube.com/watch?v=R--1IfIPcc0,Plush Cosmetics,1004,Youtube,7787,343,review,low,unknown_content,raw-url-only:no usable title/topic signal,Review for Plush Cosmetics: detected unknown_content from raw URL evidence. Signals: raw-url-only:no usable title/topic signal.
230,https://www.youtube.com/watch?v=x-zw0OXfmCY,Plush Cosmetics,1004,Youtube,2858,108,review,low,unknown_content,raw-url-only:no usable title/topic signal,Review for Plush Cosmetics: detected unknown_content from raw URL evidence. Signals: raw-url-only:no usable title/topic signal.
231,https://www.youtube.com/watch?v=-_WGnyzfy18,Jen & Berry's Ice Cream,1002,Youtube,1386,20,review,low,unknown_content,raw-url-only:no usable title/topic signal,Review for Jen & Berry's Ice Cream: detected unknown_content from raw URL evidence. Signals: raw-url-only:no usable title/topic signal.
232,https://www.youtube.com/watch?v=A6ihDeJ6l6g,Jen & Berry's Ice Cream,1002,Youtube,8263,718,review,medium,click_quality,invalid_click_rate:8.7%->click_quality,Review for Jen & Berry's Ice Cream: detected click_quality from raw URL evidence. Signals: invalid_click_rate:8.7%->click_quality.
233,https://www.youtube.com/watch?v=WLMgbV3uaz8,Moonbucks Coffee,1003,Youtube,1588,20,review,low,unknown_content,raw-url-only:no usable title/topic signal,Review for Moonbucks Coffee: detected unknown_content from raw URL evidence. Signals: raw-url-only:no usable title/topic signal.
234,https://www.youtube.com/watch?v=B1pwyCl5ymE,Plush Cosmetics,1004,Youtube,5102,339,review,low,unknown_content,raw-url-only:no usable title/topic signal,Review for Plush Cosmetics: detected unknown_content from raw URL evidence. Signals: raw-url-only:no usable title/topic signal.
235,https://www.youtube.com/watch?v=SSoYw_5txdQ,Jet3 Holidays,1001,Youtube,2223,108,review,low,unknown_content,raw-url-only:no usable title/topic signal,Review for Jet3 Holidays: detected unknown_content from raw URL evidence. Signals: raw-url-only:no usable title/topic signal.
236,https://www.youtube.com/watch?v=llGvsgN17CQ,Moonbucks Coffee,1003,Youtube,2390,74,review,low,unknown_content,raw-url-only:no usable title/topic signal,Review for Moonbucks Coffee: detected unknown_content from raw URL evidence. Signals: raw-url-only:no usable title/topic signal.
237,https://www.youtube.com/watch?v=UCc-e7tE-NM,Moonbucks Coffee,1003,Youtube,2770,174,review,low,unknown_content,raw-url-only:no usable title/topic signal,Review for Moonbucks Coffee: detected unknown_content from raw URL evidence. Signals: raw-url-only:no usable title/topic signal.
238,https://www.youtube.com/watch?v=BHqqGlGoIeo,Jet3 Holidays,1001,Youtube,7384,261,review,low,unknown_content,raw-url-only:no usable title/topic signal,Review for Jet3 Holidays: detected unknown_content from raw URL evidence. Signals: raw-url-only:no usable title/topic signal.
239,https://www.youtube.com/watch?v=jyI0wRCPQpw,Jet3 Holidays,1001,Youtube,1945,74,review,low,unknown_content,raw-url-only:no usable title/topic signal,Review for Jet3 Holidays: detected unknown_content from raw URL evidence. Signals: raw-url-only:no usable title/topic signal.
240,https://www.youtube.com/watch?v=SHVdARnDR8M,Jet3 Holidays,1001,Youtube,4836,200,review,low,unknown_content,raw-url-only:no usable title/topic signal,Review for Jet3 Holidays: detected unknown_content from raw URL evidence. Signals: raw-url-only:no usable title/topic signal.
241,https://www.youtube.com/watch?v=yI32Ijk9Lbs,Jet3 Holidays,1001,Youtube,2390,74,review,low,unknown_content,raw-url-only:no usable title/topic signal,Review for Jet3 Holidays: detected unknown_content from raw URL evidence. Signals: raw-url-only:no usable title/topic signal.
242,https://www.youtube.com/watch?v=z8UbYfEk_3U,Jet3 Holidays,1001,Youtube,2770,174,review,low,unknown_content,raw-url-only:no usable title/topic signal,Review for Jet3 Holidays: detected unknown_content from raw URL evidence. Signals: raw-url-only:no usable title/topic signal.
243,https://www.youtube.com/watch?v=N3kxGX2PL2w,Jet3 Holidays,1001,Youtube,7384,261,review,low,unknown_content,raw-url-only:no usable title/topic signal,Review for Jet3 Holidays: detected unknown_content from raw URL evidence. Signals: raw-url-only:no usable title/topic signal.
244,https://www.youtube.com/watch?v=62HNX1fLqFw,Jet3 Holidays,1001,Youtube,2700,174,review,low,unknown_content,raw-url-only:no usable title/topic signal,Review for Jet3 Holidays: detected unknown_content from raw URL evidence. Signals: raw-url-only:no usable title/topic signal.
245,https://www.youtube.com/watch?v=_9aUy56n-yI,Jet3 Holidays,1001,Youtube,17284,1260,review,low,unknown_content,raw-url-only:no usable title/topic signal,Review for Jet3 Holidays: detected unknown_content from raw URL evidence. Signals: raw-url-only:no usable title/topic signal.
246,https://www.youtube.com/watch?v=ZijxdRhquR8,Jet3 Holidays,1001,Youtube,3841,383,review,medium,click_quality,invalid_click_rate:10.0%->click_quality,Review for Jet3 Holidays: detected click_quality from raw URL evidence. Signals: invalid_click_rate:10.0%->click_quality.
247,https://www.youtube.com/watch?v=UyF6UoaG_bQ,Jet3 Holidays,1001,Youtube,3347,16,review,low,unknown_content,raw-url-only:no usable title/topic signal,Review for Jet3 Holidays: detected unknown_content from raw URL evidence. Signals: raw-url-only:no usable title/topic signal.
248,https://www.youtube.com/watch?v=obxSbQoTe_8,Jet3 Holidays,1001,Youtube,6121,19,review,low,unknown_content,raw-url-only:no usable title/topic signal,Review for Jet3 Holidays: detected unknown_content from raw URL evidence. Signals: raw-url-only:no usable title/topic signal.
249,https://www.youtube.com/watch?v=hs3hWO4ZBvo,Jet3 Holidays,1001,Youtube,8895,22,review,low,unknown_content,raw-url-only:no usable title/topic signal,Review for Jet3 Holidays: detected unknown_content from raw URL evidence. Signals: raw-url-only:no usable title/topic signal.
250,https://www.youtube.com/watch?v=SkY1DiyCqTU,Jet3 Holidays,1001,Youtube,11669,25,review,low,unknown_content,raw-url-only:no usable title/topic signal,Review for Jet3 Holidays: detected unknown_content from raw URL evidence. Signals: raw-url-only:no usable title/topic signal.
